Nombre,Apellido Parterno,Apellido Materno,Direccion,Numero de Trabajador,Proyectos Historicos,Proyectos Vigentes,Total de Proyectos,Edad,Antiguedad
FERNANDO,SOLANO,CUELLAR,[Prinston #11 Col. Central Cuernavaca Morelos],310068667,22,1,23,55,26,,Pro. Vigentes,EDIFICIO Z FC,X,X,,Pro. Historicos,Edicio Benz,Hospital Maria,Hospital Cristina,Edificio B Tec M,Edificio 40,Edificio B Tec M,Edificio 40,Eificie E Tec M,Puente Rosa,Edificio 40,Carretera Cuernava-Tres Marias,Carretera Jojutla-Cuernavaca,Re-Asfaltado Cuernava,Edificio Galeana,Hospital Roma,Edificio de Cultura Tec M,Residencial Tamarindos,Casa Azul,Hospital Patria,Residencial Tamarindos,Hospital Roma,Edificio A Tec M,X,X,X,X,X,X,X,X,X,X,X,X,X,X,X,X,X,X,X,X,X,X,X,X,X,X,X,X,
ALEXIS,JIMENEZ,SOLANO,[Ocotepec #78 Col. Ocotera Cuernavaca Morelos],310757709,29,3,32,34,26,,Pro. Vigentes,EDIFICIO Z2 FC,EDIFICIO Z FI,EDIFICIO H2 FI,,Pro. Historicos,Re-Asfaltado CDMX,Carretera Cuernava-Tres Marias,Carretera Cuernava-Tres Marias,Hospital Patria,Edificio SCT,Edicio Benz,Escuela Marquez,Edificio 40,Carretera Cuernava-Tres Marias,Edificio 40,Puente Rosa,Edificio 40,Puente Cisnes,Edificio A Tec M,Escuela Marquez,Residencial Joyas,Autopista del Sol,Residencial Amrillo,Re-Asfaltado CDMX,Residencial Amrillo,Puente Dos Bocas,Residencial Joyas,Casa Colonial,Hospital Roma,Edificio try,Puente Dos Bocas,Residencial Amrillo,Edificio SCT,Puente Cisnes,X,X,X,X,X,X,X,X,X,X,X,X,X,X,X,X,X,X,X,X,X,
DIANA,AVILA,RUIZ,[Prinston #11 Col. Central Cuernavaca Morelos],310554985,8,1,9,34,9,,Pro. Vigentes,EDIFICIO Z FI,X,X,,Pro. Historicos,Autopista del Sol,Carretera Cuernava-Tres Marias,Carretera Jojutla-Cuernavaca,Hospital Reforma,Casa Colonial,Casa Pintoresca,Edificio B Tec M,Re-Asfaltado CDMX,X,X,X,X,X,X,X,X,X,X,X,X,X,X,X,X,X,X,X,X,X,X,X,X,X,X,X,X,X,X,X,X,X,X,X,X,X,X,X,X,X,X,
ANDREA,DOLORES,DOLORES,[Nicolas Bravo #723 Col. Central Cuernavaca Morelos],310824667,5,2,7,71,4,,Pro. Vigentes,EDIFICIO H2 FI,CASA REFORMA,X,,Pro. Historicos,Casa Lunar,Hospital Patria,Hospital Maria,Eificie E Tec M,Casa 1,X,X,X,X,X,X,X,X,X,X,X,X,X,X,X,X,X,X,X,X,X,X,X,X,X,X,X,X,X,X,X,X,X,X,X,X,X,X,X,X,X,X,X,X,X,
GABRIEL,ARTEAGA,AVILA,[Dinamarca #33 Col. Alemania Cuernavaca Morelos],310945583,13,3,16,53,17,,Pro. Vigentes,EDIFICIO Z FI,EDIFICIO H2 FI,EDIFICIO Z FI,,Pro. Historicos,Edificio try,Edificio Galeana,Mansi�n Portuar,Residencial Amrillo,Escuela Marquez,Casa 1,Puente Dos Bocas,Puente Rosa,Re-Asfaltado Cuernava,Puente Cisnes,Puente Cisnes,Edificio 40,Autopista del Sol,X,X,X,X,X,X,X,X,X,X,X,X,X,X,X,X,X,X,X,X,X,X,X,X,X,X,X,X,X,X,X,X,X,X,X,X,X,
OSCAR,SOLANO,NAVARRO,[Pacheco #78 Col. Tamarindos Cuernavaca Morelos],310479123,24,3,27,45,11,,Pro. Vigentes,EDIFICIO Z FI,CASA REFORMA,CASA MADRID,,Pro. Historicos,Puente Cisnes,Autopista del Sol,Eificie E Tec M,Hospital Patria,Residencial Joyas,Eificie E Tec M,Hospital Reforma,Puente Cisnes,Carretera Jojutla-Cuernavaca,Hospital Patria,Casa Marqueza,Carretera Jojutla-Cuernavaca,Re-Asfaltado Cuernava,Edificio try,Edificio SE,Casa Pintoresca,Edificio SE,Edificio Galeana,Edificio de Cultura Tec M,Construuccion Municipio de Jojutla,Hospital Patria,Edificio try,Autopista del Sol,Escuela Marquez,X,X,X,X,X,X,X,X,X,X,X,X,X,X,X,X,X,X,X,X,X,X,X,X,X,X,
KAREN,DAVALOS,NAVARRO,[Cerro Norte #293 Col. Insurgente Cuernavaca Morelos],310657096,0,2,2,51,0,,Pro. Vigentes,EDIFICIO Z FC,EDIFICIO Z2 FC,X,,Pro. Historicos,X,X,X,X,X,X,X,X,X,X,X,X,X,X,X,X,X,X,X,X,X,X,X,X,X,X,X,X,X,X,X,X,X,X,X,X,X,X,X,X,X,X,X,X,X,X,X,X,X,X,
LAURA,GUZMAN,HERNANDEZ,[Canada #72 Col. America Cuernavaca Morelos],310577323,7,3,10,28,8,,Pro. Vigentes,CASA REFORMA,PUENTES ESPERANZA,COL. UNIDOS,,Pro. Historicos,Casa Pintoresca,Residencial Joyas,Casa Pintoresca,Edificio SCT,Puente Dos Bocas,Casa Azul,Puente Rosa,X,X,X,X,X,X,X,X,X,X,X,X,X,X,X,X,X,X,X,X,X,X,X,X,X,X,X,X,X,X,X,X,X,X,X,X,X,X,X,X,X,X,X,
NATALIA,RUIZ,AVILA,[Galeana #75 Col. Independencia Cuernavaca Morelos],310954431,8,2,10,64,4,,Pro. Vigentes,CASA REFORMA,COL. UNIDOS,X,,Pro. Historicos,Edificio de Cultura Tec M,Casa futurista,Casa Azul,Edificio try,Edificio A Tec M,Residencial Joyas,Hospital Patria,Edificio SE,X,X,X,X,X,X,X,X,X,X,X,X,X,X,X,X,X,X,X,X,X,X,X,X,X,X,X,X,X,X,X,X,X,X,X,X,X,X,X,X,X,X,
ALEJANDRO,SOLANO,AYALA,[Zapata #7 Col. Centro Cuernavaca Morelos],310844051,47,1,48,55,25,,Pro. Vigentes,PUENTES ESPERANZA,X,X,,Pro. Historicos,Residencial Joyas,Casa Azul,Casa Lunar,Residencial Joyas,Casa 2,Casa 2,Edificio SE,Hospital Reforma,Edificio de Cultura Tec M,Edificio SE,Edificio A Tec M,Edificio Galeana,Edificio SCT,Autopista del Sol,Hospital Maria,Edificio la Roma,Hospital Reforma,Edicio Benz,Casa Colonial,Hospital Patria,Re-Asfaltado Cuernava,Eificie E Tec M,Hospital Patria,Carretera Cuernava-Tres Marias,Edificio SCT,Edificio A Tec M,Puente Dos Bocas,Hospital Patria,Carretera Jojutla-Cuernavaca,Hospital Patria,Puentes Dos Puertas,Edificio try,Residencial Amrillo,Casa Pintoresca,Casa Marqueza,Escuela Marquez,Eificie E Tec M,Edificio 40,Casa Marqueza,Eificie E Tec M,Puente Dos Bocas,Casa Azul,Residencial Joyas,Residencial Amrillo,Edificio B Tec M,Escuela Marquez,Construuccion Municipio de Jojutla,X,X,X,
FERNANDO,AYALA,MALDONADO,[Iraldo #43 Col. Centro Cuernavaca Morelos],310413181,36,3,39,45,24,,Pro. Vigentes,COL. UNIDOS,CASA MADRID,COL. UNIDOS,,Pro. Historicos,Hospital Maria,Residencial Joyas,Casa Pintoresca,Edificio SCT,Edificio try,Edificio la Roma,Residencial Tamarindos,Carretera Jojutla-Cuernavaca,Casa Marqueza,Residencial Joyas,Casa Pintoresca,Mansi�n Portuar,Re-Asfaltado Cuernava,Residencial Tamarindos,Casa Pintoresca,Re-Asfaltado CDMX,Residencial Amrillo,Edificio try,Casa 1,Hospital Reforma,Hospital Maria,Edificio Galeana,Casa Azul,Edificio SCT,Edificio SE,Hospital Reforma,Re-Asfaltado Cuernava,Residencial Tamarindos,Casa 1,Edificio try,Edificio B Tec M,Edificio A Tec M,Edicio Benz,Escuela Marquez,Residencial Tamarindos,Carretera Cuernava-Tres Marias,X,X,X,X,X,X,X,X,X,X,X,X,X,X,
DIANA,MALDONADO,MALDONADO,[Tulipan #54 Col. Cierra Cuernavaca Morelos],310017014,11,3,14,31,9,,Pro. Vigentes,CASA MADRID,EDIFICIO H2 FI,PUENTES ESPERANZA,,Pro. Historicos,Casa Lunar,Re-Asfaltado CDMX,Casa futurista,Casa Marqueza,Casa Pintoresca,Hospital Reforma,Casa Marqueza,Casa 1,Hospital Reforma,Casa futurista,Casa futurista,X,X,X,X,X,X,X,X,X,X,X,X,X,X,X,X,X,X,X,X,X,X,X,X,X,X,X,X,X,X,X,X,X,X,X,X,X,X,X,
ANDREA,RUIZ,CUELLAR,[Dinamarca #397 Col. Alemania Cuernavaca Morelos],310377142,5,1,6,57,7,,Pro. Vigentes,PUENTES ESPERANZA,X,X,,Pro. Historicos,Carretera Cuernava-Tres Marias,Casa 2,Edificio SE,Puentes Dos Puertas,Carretera Jojutla-Cuernavaca,X,X,X,X,X,X,X,X,X,X,X,X,X,X,X,X,X,X,X,X,X,X,X,X,X,X,X,X,X,X,X,X,X,X,X,X,X,X,X,X,X,X,X,X,X,
LAURA,SALINAS,PEREZ,[Morelos #69 Col. Argentina Cuernava Morelos],310156603,22,2,24,38,20,,Pro. Vigentes,EDIFICIO Z FI,COL. UNIDOS,X,,Pro. Historicos,Puente Dos Bocas,Edificio de Cultura Tec M,Eificie E Tec M,Puente Rosa,Hospital Reforma,Edificio Galeana,Casa 1,Edificio 40,Carretera Jojutla-Cuernavaca,Edicio Benz,Carretera Cuernava-Tres Marias,Carretera Jojutla-Cuernavaca,Casa Marqueza,Hospital Maria,Re-Asfaltado Cuernava,Edificio la Roma,Edificio A Tec M,Casa Marqueza,Eificie E Tec M,Re-Asfaltado CDMX,Residencial Joyas,Puente Dos Bocas,X,X,X,X,X,X,X,X,X,X,X,X,X,X,X,X,X,X,X,X,X,X,X,X,X,X,X,X,
MONICA,SOLANO,DAVALOS,[Girnalda #32 Col. Colosio Cuernavaca Morelos],310061584,21,1,22,61,29,,Pro. Vigentes,COL. UNIDOS,X,X,,Pro. Historicos,Casa Marqueza,Residencial Amrillo,Hospital Cristina,Casa Azul,Casa futurista,Re-Asfaltado CDMX,Hospital Cristina,Residencial Joyas,Eificie E Tec M,Hospital Reforma,Edificio A Tec M,Edificio Galeana,Carretera Jojutla-Cuernavaca,Escuela Marquez,Edicio Benz,Edificio try,Re-Asfaltado Cuernava,Puente Dos Bocas,Puente Dos Bocas,Casa futurista,Mansi�n Portuar,X,X,X,X,X,X,X,X,X,X,X,X,X,X,X,X,X,X,X,X,X,X,X,X,X,X,X,X,X,
MAURICIO,SANCHEZ,DOLORES,[Rancho Alegre #9 Col. Tenochtitlan Cuernavaca Morelos],310527266,8,2,10,22,2,,Pro. Vigentes,CASA TRES MARIAS,EDIFICIO Z FC,X,,Pro. Historicos,Casa Lunar,Escuela Marquez,Residencial Joyas,Edificio B Tec M,Hospital Cristina,Puente Dos Bocas,Carretera Jojutla-Cuernavaca,Carretera Jojutla-Cuernavaca,X,X,X,X,X,X,X,X,X,X,X,X,X,X,X,X,X,X,X,X,X,X,X,X,X,X,X,X,X,X,X,X,X,X,X,X,X,X,X,X,X,X,
MAURICIO,GUZMAN,SOLANO,[Satelite #89 Col. Revolucion Cuernavaca Morelos],310278908,22,1,23,62,26,,Pro. Vigentes,CASA TRES MARIAS,X,X,,Pro. Historicos,Residencial Tamarindos,Casa Lunar,Puente Rosa,Hospital Reforma,Edificio de Cultura Tec M,Casa 1,Casa Lunar,Carretera Cuernava-Tres Marias,Edificio B Tec M,Edificio Galeana,Re-Asfaltado CDMX,Casa 1,Re-Asfaltado CDMX,Residencial Tamarindos,Casa 2,Edificio B Tec M,Casa Lunar,Residencial Tamarindos,Edificio A Tec M,Edificio A Tec M,Casa 2,Puentes Dos Puertas,X,X,X,X,X,X,X,X,X,X,X,X,X,X,X,X,X,X,X,X,X,X,X,X,X,X,X,X,
MAURICIO,SOLANO,SANCHEZ,[Dinamarca #5 Col. Alemania Cuernavaca Morelos],310213625,0,2,2,22,0,,Pro. Vigentes,EDIFICIO Z FI,CASA MADRID,X,,Pro. Historicos,X,X,X,X,X,X,X,X,X,X,X,X,X,X,X,X,X,X,X,X,X,X,X,X,X,X,X,X,X,X,X,X,X,X,X,X,X,X,X,X,X,X,X,X,X,X,X,X,X,X,
LIZBETH,SANCHEZ,RUIZ,[Girnalda #32 Col. Colosio Cuernavaca Morelos],310016859,19,1,20,47,16,,Pro. Vigentes,CASA REFORMA,X,X,,Pro. Historicos,Residencial Joyas,Residencial Tamarindos,Edificio A Tec M,Re-Asfaltado Cuernava,Re-Asfaltado CDMX,Puente Rosa,Residencial Tamarindos,Edificio B Tec M,Construuccion Municipio de Jojutla,Casa Colonial,Edificio Galeana,Edificio SE,Carretera Cuernava-Tres Marias,Casa 1,Edicio Benz,Eificie E Tec M,Casa 2,Escuela Marquez,Edificio SE,X,X,X,X,X,X,X,X,X,X,X,X,X,X,X,X,X,X,X,X,X,X,X,X,X,X,X,X,X,X,X,
ALEXIS,HERNANDEZ,HERNANDEZ,[Federacion #71 Col. Cuautemoc Cuernavaca Morelos],310566543,18,2,20,21,19,,Pro. Vigentes,EDIFICIO H2 FI,CASA MADRID,X,,Pro. Historicos,Edificio A Tec M,Casa Pintoresca,Hospital Maria,Puente Dos Bocas,Casa Pintoresca,Construuccion Municipio de Jojutla,Hospital Maria,Escuela Marquez,Casa Marqueza,Puente Cisnes,Casa Lunar,Re-Asfaltado Cuernava,Puente Dos Bocas,Casa futurista,Casa 2,Casa Azul,Edificio Galeana,Puente Rosa,X,X,X,X,X,X,X,X,X,X,X,X,X,X,X,X,X,X,X,X,X,X,X,X,X,X,X,X,X,X,X,X,
MARIA,DAVALOS,MALDONADO,[Dinamarca #39 Col. Alemania Cuernavaca Morelos],310135795,27,1,28,46,18,,Pro. Vigentes,COL. UNIDOS,X,X,,Pro. Historicos,Edificio A Tec M,Edificio Galeana,Casa 2,Casa 2,Re-Asfaltado CDMX,Edificio try,Puentes Dos Puertas,Edificio 40,Hospital Patria,Carretera Cuernava-Tres Marias,Residencial Tamarindos,Puente Cisnes,Puentes Dos Puertas,Hospital Reforma,Residencial Tamarindos,Hospital Patria,Hospital Reforma,Residencial Joyas,Edificio la Roma,Eificie E Tec M,Casa 1,Carretera Jojutla-Cuernavaca,Carretera Cuernava-Tres Marias,Hospital Reforma,Puente Rosa,Re-Asfaltado Cuernava,Carretera Jojutla-Cuernavaca,X,X,X,X,X,X,X,X,X,X,X,X,X,X,X,X,X,X,X,X,X,X,X,
ALEXIS,GUZMAN,ARTEAGA,[Zapata #76 Col. Centro Cuernavaca Morelos],310403010,8,2,10,37,3,,Pro. Vigentes,EDIFICIO Z2 FC,EDIFICIO H2 FI,X,,Pro. Historicos,Casa 2,Edificio A Tec M,Edicio Benz,Edificio la Roma,Puentes Dos Puertas,Casa Pintoresca,Casa Colonial,Re-Asfaltado CDMX,X,X,X,X,X,X,X,X,X,X,X,X,X,X,X,X,X,X,X,X,X,X,X,X,X,X,X,X,X,X,X,X,X,X,X,X,X,X,X,X,X,X,
DIANA,ROJAS,NAVARRO,[Prinston #911 Col. Central Cuernavaca Morelos],310443543,33,1,34,62,20,,Pro. Vigentes,CASA MADRID,X,X,,Pro. Historicos,Edificio la Roma,Casa Lunar,Edificio SE,Casa Colonial,Edicio Benz,Hospital Patria,Hospital Maria,Construuccion Municipio de Jojutla,Casa Lunar,Puente Cisnes,Hospital Roma,Residencial Tamarindos,Hospital Roma,Hospital Patria,Puente Dos Bocas,Mansi�n Portuar,Re-Asfaltado CDMX,Residencial Joyas,Carretera Jojutla-Cuernavaca,Casa futurista,Re-Asfaltado Cuernava,Casa futurista,Residencial Amrillo,Hospital Cristina,Re-Asfaltado Cuernava,Hospital Roma,Edificio B Tec M,Casa futurista,Puente Dos Bocas,Puente Cisnes,Edificio A Tec M,Hospital Roma,Hospital Roma,X,X,X,X,X,X,X,X,X,X,X,X,X,X,X,X,X,
MONICA,JIMENEZ,DAVALOS,[Benz #48 Col. Alemania Cuernavaca Morelos],310496467,22,2,24,76,29,,Pro. Vigentes,EDIFICIO Z FI,CASA REFORMA,X,,Pro. Historicos,Hospital Roma,Residencial Tamarindos,Carretera Cuernava-Tres Marias,Hospital Reforma,Residencial Tamarindos,Edificio de Cultura Tec M,Carretera Cuernava-Tres Marias,Puente Rosa,Escuela Marquez,Edicio Benz,Hospital Reforma,Edificio 40,Edificio Galeana,Edificio B Tec M,Mansi�n Portuar,Casa 2,Hospital Patria,Re-Asfaltado Cuernava,Casa Lunar,Puente Cisnes,Casa Pintoresca,Carretera Cuernava-Tres Marias,X,X,X,X,X,X,X,X,X,X,X,X,X,X,X,X,X,X,X,X,X,X,X,X,X,X,X,X,
DIANA,SOLANO,DAVALOS,[Pacheco #1 Col. Tamarindera Cuernavaca Morelos],310295425,20,3,23,61,14,,Pro. Vigentes,PUENTES ESPERANZA,PUENTES ESPERANZA,EDIFICIO Z FI,,Pro. Historicos,Casa Colonial,Carretera Jojutla-Cuernavaca,Carretera Cuernava-Tres Marias,Casa Colonial,Edificio 40,Carretera Jojutla-Cuernavaca,Puente Rosa,Edificio de Cultura Tec M,Eificie E Tec M,Residencial Amrillo,Edificio la Roma,Hospital Reforma,Puente Cisnes,Casa Pintoresca,Casa 1,Edificio try,Edificio SCT,Puente Dos Bocas,Escuela Marquez,Autopista del Sol,X,X,X,X,X,X,X,X,X,X,X,X,X,X,X,X,X,X,X,X,X,X,X,X,X,X,X,X,X,X,
DIANA,SANCHEZ,JIMENEZ,[Tenochtitlan #25 Col. Unidad Deportiva Cuernavaca Morelos],310335855,27,2,29,50,29,,Pro. Vigentes,COL. UNIDOS,CASA MADRID,X,,Pro. Historicos,Residencial Amrillo,Edificio B Tec M,Residencial Tamarindos,Edificio Galeana,Carretera Cuernava-Tres Marias,Edificio de Cultura Tec M,Residencial Amrillo,Edicio Benz,Edificio A Tec M,Mansi�n Portuar,Edificio A Tec M,Edificio SE,Casa Pintoresca,Casa Colonial,Re-Asfaltado Cuernava,Hospital Patria,Re-Asfaltado Cuernava,Casa Colonial,Puente Rosa,Puentes Dos Puertas,Casa Marqueza,Re-Asfaltado Cuernava,Edificio la Roma,Casa futurista,Casa Colonial,Edificio SCT,Carretera Cuernava-Tres Marias,X,X,X,X,X,X,X,X,X,X,X,X,X,X,X,X,X,X,X,X,X,X,X,
MARIA,AVILA,RODRIGUEZ,[Pacheco #171 Col. Tamarindos Cuernavaca Morelos],310009299,24,2,26,58,22,,Pro. Vigentes,EDIFICIO Z FC,CASA REFORMA,X,,Pro. Historicos,Carretera Cuernava-Tres Marias,Casa Colonial,Casa Lunar,Edificio try,Casa Pintoresca,Hospital Patria,Carretera Jojutla-Cuernavaca,Residencial Amrillo,Puentes Dos Puertas,Puentes Dos Puertas,Edificio SCT,Casa Lunar,Edicio Benz,Edificio Galeana,Edificio B Tec M,Carretera Jojutla-Cuernavaca,Edificio de Cultura Tec M,Carretera Cuernava-Tres Marias,Edificio la Roma,Puente Cisnes,Casa 1,Casa Colonial,Edicio Benz,Re-Asfaltado CDMX,X,X,X,X,X,X,X,X,X,X,X,X,X,X,X,X,X,X,X,X,X,X,X,X,X,X,
DIANA,SANCHEZ,GONZALEZ,[Benz #44 Col. Alemania Cuernavaca Morelos],310196457,45,1,46,19,28,,Pro. Vigentes,PUENTES ESPERANZA,X,X,,Pro. Historicos,Autopista del Sol,Puente Cisnes,Carretera Jojutla-Cuernavaca,Casa Lunar,Hospital Maria,Casa futurista,Eificie E Tec M,Edificio try,Re-Asfaltado CDMX,Residencial Joyas,Construuccion Municipio de Jojutla,Puente Rosa,Casa Azul,Casa 2,Edicio Benz,Edificio 40,Hospital Patria,Residencial Joyas,Re-Asfaltado Cuernava,Re-Asfaltado CDMX,Edicio Benz,Casa Azul,Edificio B Tec M,Construuccion Municipio de Jojutla,Construuccion Municipio de Jojutla,Edificio SE,Hospital Maria,Residencial Amrillo,Puente Rosa,Residencial Amrillo,Escuela Marquez,Casa Azul,Eificie E Tec M,Escuela Marquez,Puente Dos Bocas,Puente Rosa,Edificio la Roma,Autopista del Sol,Edificio SE,Residencial Amrillo,Hospital Patria,Puentes Dos Puertas,Autopista del Sol,Edicio Benz,Casa Colonial,X,X,X,X,X,
MAURICIO,DOLORES,ARTEAGA,[Cerro chico #14 Col. Fovisste Cuernavaca Morelos],310534041,21,2,23,64,23,,Pro. Vigentes,EDIFICIO H2 FI,EDIFICIO Z FI,X,,Pro. Historicos,Casa Colonial,Puente Cisnes,Casa Azul,Re-Asfaltado Cuernava,Edificio SE,Puentes Dos Puertas,Puentes Dos Puertas,Edificio SE,Puente Rosa,Casa 1,Autopista del Sol,Hospital Roma,Edificio 40,Puente Cisnes,Edificio try,Escuela Marquez,Hospital Maria,Edificio Galeana,Autopista del Sol,Edificio SCT,Hospital Maria,X,X,X,X,X,X,X,X,X,X,X,X,X,X,X,X,X,X,X,X,X,X,X,X,X,X,X,X,X,
LIZBETH,GUZMAN,SOLANO,[Federacion #71 Col. Cuautemoc Cuernavaca Morelos],310351275,19,3,22,76,21,,Pro. Vigentes,EDIFICIO Z FC,EDIFICIO H2 FI,EDIFICIO H2 FI,,Pro. Historicos,Edificio 40,Edificio Galeana,Casa Lunar,Hospital Maria,Edificio SCT,Edificio SE,Edificio try,Carretera Cuernava-Tres Marias,Re-Asfaltado CDMX,Residencial Tamarindos,Edificio B Tec M,Hospital Maria,Hospital Patria,Residencial Tamarindos,Hospital Cristina,Hospital Patria,Casa 1,Casa Colonial,Puente Rosa,X,X,X,X,X,X,X,X,X,X,X,X,X,X,X,X,X,X,X,X,X,X,X,X,X,X,X,X,X,X,X,
NATALIA,HERNANDEZ,DAVALOS,[Copalito #829 Col. Mirador Cuernavaca Morelos],310899333,29,3,32,57,15,,Pro. Vigentes,CASA REFORMA,COL. UNIDOS,EDIFICIO Z2 FC,,Pro. Historicos,Edificio try,Re-Asfaltado CDMX,Edificio B Tec M,Eificie E Tec M,Edicio Benz,Re-Asfaltado CDMX,Re-Asfaltado CDMX,Construuccion Municipio de Jojutla,Casa Pintoresca,Edificio A Tec M,Casa 2,Edificio de Cultura Tec M,Edificio la Roma,Escuela Marquez,Edificio SE,Casa Pintoresca,Casa 1,Casa Azul,Edificio B Tec M,Casa Pintoresca,Hospital Roma,Edificio SE,Edificio Galeana,Edificio try,Puente Rosa,Mansi�n Portuar,Casa Lunar,Hospital Reforma,Residencial Amrillo,X,X,X,X,X,X,X,X,X,X,X,X,X,X,X,X,X,X,X,X,X,
TATIANA,SALINAS,DOLORES,[Chapultepec #9 Col. Miraflores Cuernavaca Morelos],310613830,6,1,7,79,7,,Pro. Vigentes,EDIFICIO Z FC,X,X,,Pro. Historicos,Hospital Patria,Casa 1,Construuccion Municipio de Jojutla,Edificio de Cultura Tec M,Carretera Jojutla-Cuernavaca,Re-Asfaltado Cuernava,X,X,X,X,X,X,X,X,X,X,X,X,X,X,X,X,X,X,X,X,X,X,X,X,X,X,X,X,X,X,X,X,X,X,X,X,X,X,X,X,X,X,X,X,
MARIA,DOLORES,GONZALEZ,[Prinston #51 Col. Central Cuernavaca Morelos],310007851,20,3,23,72,15,,Pro. Vigentes,CASA TRES MARIAS,COL. UNIDOS,PUENTES ESPERANZA,,Pro. Historicos,Edificio try,Mansi�n Portuar,Escuela Marquez,Edificio B Tec M,Edificio Galeana,Puente Dos Bocas,Hospital Reforma,Hospital Roma,Residencial Joyas,Casa Azul,Casa 2,Casa Azul,Mansi�n Portuar,Carretera Cuernava-Tres Marias,Puente Cisnes,Hospital Patria,Carretera Cuernava-Tres Marias,Casa futurista,Casa Lunar,Edificio SE,X,X,X,X,X,X,X,X,X,X,X,X,X,X,X,X,X,X,X,X,X,X,X,X,X,X,X,X,X,X,
NATALIA,JIMENEZ,CUELLAR,[Cañada #101 Col. Carpa Cuernavaca Morelos],310344285,29,3,32,55,11,,Pro. Vigentes,CASA MADRID,PUENTES ESPERANZA,PUENTES ESPERANZA,,Pro. Historicos,Casa futurista,Construuccion Municipio de Jojutla,Edificio SE,Mansi�n Portuar,Edificio SE,Casa Azul,Casa Colonial,Edificio Galeana,Edificio SE,Autopista del Sol,Edificio SE,Edificio A Tec M,Edificio B Tec M,Re-Asfaltado CDMX,Edificio Galeana,Construuccion Municipio de Jojutla,Construuccion Municipio de Jojutla,Eificie E Tec M,Carretera Jojutla-Cuernavaca,Hospital Patria,Puentes Dos Puertas,Casa Azul,Puente Cisnes,Casa 1,Casa Azul,Edificio SCT,Edificio B Tec M,Puente Rosa,Edificio B Tec M,X,X,X,X,X,X,X,X,X,X,X,X,X,X,X,X,X,X,X,X,X,
MAURICIO,AVILA,PEREZ,[Pacheco #542 Col. Centro Cuernavaca Morelos],310350600,49,3,52,77,20,,Pro. Vigentes,EDIFICIO Z2 FC,EDIFICIO H2 FI,CASA MADRID,,Pro. Historicos,Casa 1,Edificio try,Hospital Cristina,Edificio B Tec M,Hospital Maria,Edificio SCT,Edificio B Tec M,Mansi�n Portuar,Puente Cisnes,Edificio de Cultura Tec M,Hospital Maria,Casa Marqueza,Puente Rosa,Puente Cisnes,Escuela Marquez,Casa 1,Edicio Benz,Edificio SCT,Casa Colonial,Mansi�n Portuar,Residencial Joyas,Edicio Benz,Re-Asfaltado CDMX,Puentes Dos Puertas,Edificio SE,Mansi�n Portuar,Puente Rosa,Re-Asfaltado Cuernava,Eificie E Tec M,Edificio B Tec M,Hospital Patria,Casa futurista,Puente Rosa,Casa 1,Re-Asfaltado Cuernava,Hospital Maria,Casa Lunar,Casa Marqueza,Edicio Benz,Edificio Galeana,Puente Cisnes,Carretera Cuernava-Tres Marias,Hospital Cristina,Edificio la Roma,Construuccion Municipio de Jojutla,Edificio A Tec M,Hospital Patria,Casa futurista,Carretera Jojutla-Cuernavaca,X,
DIANA,MALDONADO,NAVARRO,[Pacheco #503 Col. Centro Cuernavaca Morelos],310341792,7,3,10,22,9,,Pro. Vigentes,COL. UNIDOS,CASA MADRID,EDIFICIO Z FI,,Pro. Historicos,Hospital Roma,Carretera Cuernava-Tres Marias,Casa Pintoresca,Edicio Benz,Re-Asfaltado Cuernava,Hospital Roma,Casa Lunar,X,X,X,X,X,X,X,X,X,X,X,X,X,X,X,X,X,X,X,X,X,X,X,X,X,X,X,X,X,X,X,X,X,X,X,X,X,X,X,X,X,X,X,
NATALIA,CUELLAR,PEREZ,[Loma Mejia #317 Col. Cañada Cuernavaca Morelos],310926212,0,1,1,28,0,,Pro. Vigentes,EDIFICIO Z FI,X,X,,Pro. Historicos,X,X,X,X,X,X,X,X,X,X,X,X,X,X,X,X,X,X,X,X,X,X,X,X,X,X,X,X,X,X,X,X,X,X,X,X,X,X,X,X,X,X,X,X,X,X,X,X,X,X,
MARIA,RUIZ,PEREZ,[Empleado #631 Col. Copalera Cuernavaca Morelos],310815356,23,3,26,28,18,,Pro. Vigentes,CASA MADRID,CASA MADRID,CASA TRES MARIAS,,Pro. Historicos,Autopista del Sol,Casa Colonial,Casa 1,Casa 2,Carretera Jojutla-Cuernavaca,Casa Colonial,Edificio Galeana,Hospital Maria,Edificio try,Edificio B Tec M,Puente Dos Bocas,Edificio SCT,Casa Colonial,Puente Dos Bocas,Casa Azul,Casa 1,Casa Pintoresca,Residencial Joyas,Hospital Reforma,Hospital Roma,Residencial Tamarindos,Edificio 40,Edificio try,X,X,X,X,X,X,X,X,X,X,X,X,X,X,X,X,X,X,X,X,X,X,X,X,X,X,X,
DIANA,DAVALOS,NAVARRO,[Granados #93 Col. Tamrindera Cuernavaca Morelos],310060486,21,1,22,49,29,,Pro. Vigentes,CASA TRES MARIAS,X,X,,Pro. Historicos,Casa Pintoresca,Edificio la Roma,Mansi�n Portuar,Casa Azul,Puentes Dos Puertas,Casa Azul,Edificio de Cultura Tec M,Carretera Cuernava-Tres Marias,Hospital Reforma,Edificio de Cultura Tec M,Residencial Amrillo,Casa Lunar,Puente Rosa,Edificio try,Casa Marqueza,Mansi�n Portuar,Residencial Joyas,Edificio de Cultura Tec M,Edificio A Tec M,Residencial Joyas,Hospital Maria,X,X,X,X,X,X,X,X,X,X,X,X,X,X,X,X,X,X,X,X,X,X,X,X,X,X,X,X,X,
DIANA,HERNANDEZ,LOPEZ,[Chapultepec #99 Col. Miraflores Cuernavaca Morelos],310292370,11,2,13,31,9,,Pro. Vigentes,EDIFICIO Z2 FC,CASA TRES MARIAS,X,,Pro. Historicos,Casa futurista,Puente Rosa,Residencial Tamarindos,Puente Rosa,Edificio la Roma,Casa futurista,Casa Pintoresca,Edificio A Tec M,Edificio de Cultura Tec M,Hospital Roma,Puente Cisnes,X,X,X,X,X,X,X,X,X,X,X,X,X,X,X,X,X,X,X,X,X,X,X,X,X,X,X,X,X,X,X,X,X,X,X,X,X,X,X,
CARLOS,DOLORES,SALINAS,[Cuatalas #71 Col. Flores Cuernavaca Morelos],310188902,6,2,8,70,8,,Pro. Vigentes,EDIFICIO Z FI,CASA TRES MARIAS,X,,Pro. Historicos,Edificio SCT,Hospital Roma,Mansi�n Portuar,Hospital Roma,Casa 1,Eificie E Tec M,X,X,X,X,X,X,X,X,X,X,X,X,X,X,X,X,X,X,X,X,X,X,X,X,X,X,X,X,X,X,X,X,X,X,X,X,X,X,X,X,X,X,X,X,
TATIANA,ALVAREZ,CUELLAR,[Cuatalas #723 Col. Flores Cuernavaca Morelos],310274256,26,1,27,63,22,,Pro. Vigentes,EDIFICIO H2 FI,X,X,,Pro. Historicos,Puente Cisnes,Hospital Patria,Residencial Amrillo,Hospital Reforma,Edificio A Tec M,Hospital Reforma,Casa Azul,Edificio de Cultura Tec M,Construuccion Municipio de Jojutla,Casa 2,Hospital Maria,Residencial Tamarindos,Carretera Jojutla-Cuernavaca,Autopista del Sol,Hospital Roma,Casa Lunar,Autopista del Sol,Edificio Galeana,Eificie E Tec M,Edificio SE,Edificio try,Carretera Cuernava-Tres Marias,Hospital Maria,Edificio A Tec M,Carretera Cuernava-Tres Marias,Puente Rosa,X,X,X,X,X,X,X,X,X,X,X,X,X,X,X,X,X,X,X,X,X,X,X,X,
DIANA,ALVAREZ,PEREZ,[Rosa #706 Col. Zapata Cuernavaca Morelos],310887372,9,2,11,41,2,,Pro. Vigentes,EDIFICIO Z2 FC,EDIFICIO H2 FI,X,,Pro. Historicos,Edificio Galeana,Residencial Amrillo,Eificie E Tec M,Residencial Tamarindos,Casa Marqueza,Puentes Dos Puertas,Puente Cisnes,Hospital Cristina,Puente Cisnes,X,X,X,X,X,X,X,X,X,X,X,X,X,X,X,X,X,X,X,X,X,X,X,X,X,X,X,X,X,X,X,X,X,X,X,X,X,X,X,X,X,
MARIA,DAVALOS,JIMENEZ,[Papayos #223 Col. Milpillas Cuernavaca Morelos],310873755,19,3,22,64,15,,Pro. Vigentes,CASA REFORMA,EDIFICIO Z FC,CASA MADRID,,Pro. Historicos,Hospital Reforma,Re-Asfaltado Cuernava,Edificio B Tec M,Puentes Dos Puertas,Casa Pintoresca,Hospital Cristina,Re-Asfaltado CDMX,Hospital Roma,Residencial Tamarindos,Eificie E Tec M,Autopista del Sol,Puentes Dos Puertas,Edificio B Tec M,Hospital Roma,Edicio Benz,Edicio Benz,Puentes Dos Puertas,Hospital Cristina,Hospital Reforma,X,X,X,X,X,X,X,X,X,X,X,X,X,X,X,X,X,X,X,X,X,X,X,X,X,X,X,X,X,X,X,
MARIA,LOPEZ,GUZMAN,[Carpa #31 Col. Cañada Cuernavaca Morelos],310885442,16,2,18,33,18,,Pro. Vigentes,PUENTES ESPERANZA,COL. UNIDOS,X,,Pro. Historicos,Casa futurista,Puentes Dos Puertas,Hospital Patria,Hospital Maria,Re-Asfaltado Cuernava,Carretera Jojutla-Cuernavaca,Edificio try,Re-Asfaltado Cuernava,Edificio SE,Casa Lunar,Casa Azul,Edificio B Tec M,Edificio de Cultura Tec M,Re-Asfaltado CDMX,Re-Asfaltado Cuernava,Puente Dos Bocas,X,X,X,X,X,X,X,X,X,X,X,X,X,X,X,X,X,X,X,X,X,X,X,X,X,X,X,X,X,X,X,X,X,X,
FERNANDO,JIMENEZ,RODRIGUEZ,[Cierra #5 Col. Nuevo Horizonte Cuernavaca Morelos],310834123,28,2,30,69,19,,Pro. Vigentes,CASA REFORMA,EDIFICIO Z FI,X,,Pro. Historicos,Residencial Tamarindos,Edificio try,Casa Marqueza,Puente Cisnes,Residencial Amrillo,Edificio la Roma,Casa 1,Hospital Reforma,Autopista del Sol,Casa 1,Edificio A Tec M,Hospital Reforma,Casa 1,Edificio Galeana,Puente Dos Bocas,Hospital Cristina,Hospital Roma,Residencial Tamarindos,Edificio SE,Edificio SE,Casa Azul,Edificio try,Casa Colonial,Edificio de Cultura Tec M,Casa Pintoresca,Autopista del Sol,Edificio A Tec M,Hospital Roma,X,X,X,X,X,X,X,X,X,X,X,X,X,X,X,X,X,X,X,X,X,X,
FERNANDO,RODRIGUEZ,MALDONADO,[Nicolas Bravo #72 Col. Central Cuernavaca Morelos],310459479,45,2,47,60,29,,Pro. Vigentes,EDIFICIO H2 FI,EDIFICIO Z2 FC,X,,Pro. Historicos,Puente Dos Bocas,Puente Dos Bocas,Casa Azul,Casa Marqueza,Edificio la Roma,Residencial Joyas,Edificio SE,Hospital Patria,Edificio de Cultura Tec M,Mansi�n Portuar,Edificio 40,Edificio SCT,Puentes Dos Puertas,Casa Colonial,Edificio SCT,Casa Lunar,Casa futurista,Puente Rosa,Casa 2,Puente Cisnes,Edificio SE,Puente Cisnes,Casa Azul,Casa 2,Residencial Tamarindos,Edificio 40,Edificio SE,Casa Colonial,Casa futurista,Casa Marqueza,Eificie E Tec M,Mansi�n Portuar,Casa 1,Re-Asfaltado CDMX,Re-Asfaltado Cuernava,Casa Marqueza,Casa 2,Carretera Cuernava-Tres Marias,Edificio SCT,Escuela Marquez,Edificio A Tec M,Casa Marqueza,Casa Lunar,Escuela Marquez,Puente Dos Bocas,X,X,X,X,X,
GABRIEL,JIMENEZ,SOLANO,[Cerro Sur #94 Col. Abril Cuernavaca Morelos],310317639,29,3,32,31,28,,Pro. Vigentes,EDIFICIO Z FI,EDIFICIO Z FI,EDIFICIO Z FC,,Pro. Historicos,Re-Asfaltado Cuernava,Autopista del Sol,Edificio 40,Residencial Tamarindos,Edificio Galeana,Hospital Patria,Casa Azul,Casa Marqueza,Edificio SCT,Edificio de Cultura Tec M,Edificio de Cultura Tec M,Hospital Patria,Puente Cisnes,Edificio 40,Eificie E Tec M,Residencial Joyas,Casa 1,Edificio B Tec M,Carretera Cuernava-Tres Marias,Casa Marqueza,Re-Asfaltado CDMX,Edificio 40,Hospital Maria,Residencial Amrillo,Casa Pintoresca,Residencial Tamarindos,Casa 2,Edificio B Tec M,Hospital Cristina,X,X,X,X,X,X,X,X,X,X,X,X,X,X,X,X,X,X,X,X,X,
MAURICIO,RODRIGUEZ,ARTEAGA,[Chapultepec #9 Col. Miraflores Cuernavaca Morelos],310274137,20,1,21,60,18,,Pro. Vigentes,EDIFICIO H2 FI,X,X,,Pro. Historicos,Edificio B Tec M,Hospital Patria,Re-Asfaltado CDMX,Carretera Cuernava-Tres Marias,Casa 2,Puente Rosa,Puente Cisnes,Edificio SE,Casa Marqueza,Residencial Tamarindos,Hospital Maria,Edificio de Cultura Tec M,Hospital Cristina,Casa futurista,Puente Cisnes,Re-Asfaltado Cuernava,Edificio try,Casa Azul,Casa Marqueza,Hospital Cristina,X,X,X,X,X,X,X,X,X,X,X,X,X,X,X,X,X,X,X,X,X,X,X,X,X,X,X,X,X,X,
NATALIA,GUZMAN,HERNANDEZ,[Tenochtitlan #285 Col. Unidad Deportiva Cuernavaca Morelos],310108966,5,1,6,71,7,,Pro. Vigentes,EDIFICIO H2 FI,X,X,,Pro. Historicos,Edificio 40,Edificio SE,Casa futurista,Puente Cisnes,Edificio de Cultura Tec M,X,X,X,X,X,X,X,X,X,X,X,X,X,X,X,X,X,X,X,X,X,X,X,X,X,X,X,X,X,X,X,X,X,X,X,X,X,X,X,X,X,X,X,X,X,
HUGO,ALVAREZ,ROJAS,[Satelite #52 Col. Revolucion Cuernavaca Morelos],310988824,9,1,10,41,2,,Pro. Vigentes,CASA MADRID,X,X,,Pro. Historicos,Edificio 40,Puente Dos Bocas,Casa futurista,Mansi�n Portuar,Edificio A Tec M,Hospital Patria,Puente Cisnes,Hospital Maria,Escuela Marquez,X,X,X,X,X,X,X,X,X,X,X,X,X,X,X,X,X,X,X,X,X,X,X,X,X,X,X,X,X,X,X,X,X,X,X,X,X,X,X,X,X,
EDUARDO,DOLORES,SALINAS,[R�o Nilo #77 Col. Cierra Cuernavaca Morelos],310965770,8,1,9,61,4,,Pro. Vigentes,PUENTES ESPERANZA,X,X,,Pro. Historicos,Residencial Joyas,Edificio B Tec M,Carretera Cuernava-Tres Marias,Casa Pintoresca,Casa Pintoresca,Casa Pintoresca,Hospital Cristina,Residencial Joyas,X,X,X,X,X,X,X,X,X,X,X,X,X,X,X,X,X,X,X,X,X,X,X,X,X,X,X,X,X,X,X,X,X,X,X,X,X,X,X,X,X,X,
DIANA,AYALA,SOLANO,[Suiza #2 Col. Insurgente Cuernavaca Morelos],310257303,20,1,21,30,11,,Pro. Vigentes,CASA REFORMA,X,X,,Pro. Historicos,Residencial Amrillo,Edificio A Tec M,Edificio SCT,Casa Azul,Casa 1,Edificio Galeana,Carretera Cuernava-Tres Marias,Carretera Cuernava-Tres Marias,Hospital Patria,Autopista del Sol,Casa Colonial,Edificio try,Eificie E Tec M,Carretera Jojutla-Cuernavaca,Edificio 40,Puentes Dos Puertas,Edificio la Roma,Edicio Benz,Edificio 40,Carretera Jojutla-Cuernavaca,X,X,X,X,X,X,X,X,X,X,X,X,X,X,X,X,X,X,X,X,X,X,X,X,X,X,X,X,X,X,
TATIANA,JIMENEZ,DAVALOS,[Dinamarca #716 Col. Alemania Cuernavaca Morelos],310152857,20,3,23,34,11,,Pro. Vigentes,CASA MADRID,CASA REFORMA,CASA TRES MARIAS,,Pro. Historicos,Casa Azul,Edificio B Tec M,Edificio Galeana,Casa futurista,Casa 1,Edificio try,Casa 2,Carretera Cuernava-Tres Marias,Puente Rosa,Casa futurista,Puente Dos Bocas,Hospital Maria,Escuela Marquez,Edificio la Roma,Casa Azul,Edificio try,Casa Lunar,Re-Asfaltado CDMX,Puente Dos Bocas,Edificio B Tec M,X,X,X,X,X,X,X,X,X,X,X,X,X,X,X,X,X,X,X,X,X,X,X,X,X,X,X,X,X,X,
CARLOS,SOLANO,JIMENEZ,[Chamilpa #50 Col. Buenavista Cuernavaca Morelos],310397961,15,2,17,24,18,,Pro. Vigentes,CASA REFORMA,EDIFICIO Z FI,X,,Pro. Historicos,Casa Colonial,Casa 2,Carretera Jojutla-Cuernavaca,Hospital Reforma,Residencial Joyas,Puente Dos Bocas,Residencial Joyas,Re-Asfaltado Cuernava,Puente Dos Bocas,Re-Asfaltado CDMX,Puente Rosa,Re-Asfaltado CDMX,Hospital Reforma,Puente Rosa,Casa futurista,X,X,X,X,X,X,X,X,X,X,X,X,X,X,X,X,X,X,X,X,X,X,X,X,X,X,X,X,X,X,X,X,X,X,X,
DIANA,PEREZ,AYALA,[R�o Nilo #649 Col. Cierra Cuernavaca Morelos],310150108,29,2,31,32,25,,Pro. Vigentes,CASA MADRID,EDIFICIO Z FC,X,,Pro. Historicos,Edificio de Cultura Tec M,Casa 1,Residencial Joyas,Residencial Joyas,Edificio 40,Construuccion Municipio de Jojutla,Carretera Jojutla-Cuernavaca,Puentes Dos Puertas,Edificio SE,Casa futurista,Edificio A Tec M,Casa Lunar,Casa Marqueza,Residencial Joyas,Casa Colonial,Casa Colonial,Edificio try,Casa futurista,Hospital Cristina,Hospital Patria,Casa Lunar,Casa Azul,Casa 2,Eificie E Tec M,Hospital Patria,Edificio Galeana,Casa Pintoresca,Edificio SE,Edificio try,X,X,X,X,X,X,X,X,X,X,X,X,X,X,X,X,X,X,X,X,X,
FERNANDO,ROJAS,RUIZ,[Hidalgo #132 Col. Centro Cuernavaca Morelos],310354697,13,3,16,40,17,,Pro. Vigentes,CASA MADRID,EDIFICIO Z FC,CASA TRES MARIAS,,Pro. Historicos,Casa Azul,Hospital Cristina,Edificio la Roma,Re-Asfaltado CDMX,Edificio de Cultura Tec M,Hospital Patria,Casa Pintoresca,Edificio 40,Autopista del Sol,Puente Rosa,Re-Asfaltado CDMX,Edificio B Tec M,Casa futurista,X,X,X,X,X,X,X,X,X,X,X,X,X,X,X,X,X,X,X,X,X,X,X,X,X,X,X,X,X,X,X,X,X,X,X,X,X,
CARLOS,RODRIGUEZ,RODRIGUEZ,[Federacion #71 Col. Cuautemoc Cuernavaca Morelos],310843590,11,3,14,44,4,,Pro. Vigentes,EDIFICIO H2 FI,PUENTES ESPERANZA,CASA TRES MARIAS,,Pro. Historicos,Re-Asfaltado CDMX,Construuccion Municipio de Jojutla,Puente Rosa,Casa Marqueza,Edificio A Tec M,Escuela Marquez,Autopista del Sol,Hospital Cristina,Residencial Joyas,Casa Colonial,Casa Azul,X,X,X,X,X,X,X,X,X,X,X,X,X,X,X,X,X,X,X,X,X,X,X,X,X,X,X,X,X,X,X,X,X,X,X,X,X,X,X,
MAURICIO,ARTEAGA,CUELLAR,[Rancho Alegre #9 Col. Tenochtitlan Cuernavaca Morelos],310800342,8,1,9,70,2,,Pro. Vigentes,EDIFICIO Z2 FC,X,X,,Pro. Historicos,Puente Dos Bocas,Carretera Cuernava-Tres Marias,Casa Colonial,Edicio Benz,Carretera Cuernava-Tres Marias,Casa Marqueza,Hospital Maria,Edificio la Roma,X,X,X,X,X,X,X,X,X,X,X,X,X,X,X,X,X,X,X,X,X,X,X,X,X,X,X,X,X,X,X,X,X,X,X,X,X,X,X,X,X,X,
KAREN,GUZMAN,SALINAS,[Pacheco #1 Col. Tamarindera Cuernavaca Morelos],310596902,48,2,50,23,29,,Pro. Vigentes,CASA TRES MARIAS,EDIFICIO Z2 FC,X,,Pro. Historicos,Escuela Marquez,Construuccion Municipio de Jojutla,Hospital Cristina,Hospital Cristina,Edificio de Cultura Tec M,Re-Asfaltado Cuernava,Carretera Jojutla-Cuernavaca,Casa futurista,Casa 1,Residencial Amrillo,Casa 1,Residencial Amrillo,Casa Lunar,Casa Colonial,Puentes Dos Puertas,Hospital Maria,Edificio Galeana,Puentes Dos Puertas,Residencial Joyas,Residencial Amrillo,Puentes Dos Puertas,Escuela Marquez,Edificio 40,Puente Rosa,Edificio Galeana,Casa futurista,Edificio B Tec M,Puente Cisnes,Casa Azul,Puente Rosa,Casa Azul,Edificio SE,Casa 1,Puente Rosa,Edificio SE,Edificio SCT,Edificio SE,Residencial Joyas,Autopista del Sol,Eificie E Tec M,Autopista del Sol,Construuccion Municipio de Jojutla,Autopista del Sol,Puente Dos Bocas,Casa 2,Casa Pintoresca,Hospital Cristina,Casa 2,X,X,
DIANA,HERNANDEZ,SOLANO,[Rancho Alegre #42 Col. Tenochtitlan Cuernavaca Morelos],310218530,30,3,33,54,23,,Pro. Vigentes,CASA TRES MARIAS,EDIFICIO Z FI,EDIFICIO Z2 FC,,Pro. Historicos,Construuccion Municipio de Jojutla,Eificie E Tec M,Casa Marqueza,Mansi�n Portuar,Mansi�n Portuar,Edificio la Roma,Edificio SE,Edificio Galeana,Casa Azul,Construuccion Municipio de Jojutla,Hospital Roma,Residencial Tamarindos,Casa Marqueza,Puente Dos Bocas,Construuccion Municipio de Jojutla,Edificio la Roma,Residencial Amrillo,Edicio Benz,Edificio SE,Casa 1,Residencial Joyas,Carretera Cuernava-Tres Marias,Casa Lunar,Casa Pintoresca,Casa futurista,Edificio 40,Casa Marqueza,Casa futurista,Edicio Benz,Casa Pintoresca,X,X,X,X,X,X,X,X,X,X,X,X,X,X,X,X,X,X,X,X,
CARLOS,LOPEZ,GUZMAN,[R�o Balsas #91 Col. Seguro Cuernavaca Morelos],310304085,25,1,26,46,24,,Pro. Vigentes,CASA REFORMA,X,X,,Pro. Historicos,Residencial Amrillo,Mansi�n Portuar,Casa Marqueza,Escuela Marquez,Puente Rosa,Casa Colonial,Construuccion Municipio de Jojutla,Edificio SCT,Residencial Amrillo,Edificio Galeana,Hospital Reforma,Edificio la Roma,Re-Asfaltado CDMX,Hospital Cristina,Hospital Patria,Casa Colonial,Casa Azul,Casa Azul,Carretera Cuernava-Tres Marias,Casa Colonial,Edificio SE,Edificio de Cultura Tec M,Eificie E Tec M,Edificio de Cultura Tec M,Re-Asfaltado Cuernava,X,X,X,X,X,X,X,X,X,X,X,X,X,X,X,X,X,X,X,X,X,X,X,X,X,
LAURA,LOPEZ,RODRIGUEZ,[Cerro Sur #90 Col. Abril Cuernavaca Morelos],310023286,16,1,17,40,17,,Pro. Vigentes,CASA TRES MARIAS,X,X,,Pro. Historicos,Edificio 40,Puente Rosa,Edificio 40,Casa Azul,Edificio A Tec M,Hospital Roma,Edificio de Cultura Tec M,Casa 1,Eificie E Tec M,Edicio Benz,Puente Dos Bocas,Carretera Cuernava-Tres Marias,Casa Pintoresca,Re-Asfaltado Cuernava,Edificio la Roma,Casa Lunar,X,X,X,X,X,X,X,X,X,X,X,X,X,X,X,X,X,X,X,X,X,X,X,X,X,X,X,X,X,X,X,X,X,X,
MIRIAM,MALDONADO,DAVALOS,[Cierra #5 Col. Nuevo Horizonte Cuernavaca Morelos],310376188,18,1,19,78,15,,Pro. Vigentes,EDIFICIO Z FI,X,X,,Pro. Historicos,Autopista del Sol,Casa futurista,Casa Azul,Edificio B Tec M,Re-Asfaltado CDMX,Escuela Marquez,Casa 2,Casa Colonial,Construuccion Municipio de Jojutla,Edicio Benz,Edificio try,Hospital Cristina,Hospital Patria,Casa 1,Carretera Jojutla-Cuernavaca,Edificio de Cultura Tec M,Re-Asfaltado CDMX,Hospital Maria,X,X,X,X,X,X,X,X,X,X,X,X,X,X,X,X,X,X,X,X,X,X,X,X,X,X,X,X,X,X,X,X,
DIANA,GUZMAN,PEREZ,[Empleado #67 Col. Copalera Cuernavaca Morelos],310326278,18,3,21,29,14,,Pro. Vigentes,CASA MADRID,COL. UNIDOS,CASA MADRID,,Pro. Historicos,Re-Asfaltado Cuernava,Casa 1,Puente Dos Bocas,Hospital Cristina,Puente Cisnes,Edificio SCT,Casa Azul,Edificio A Tec M,Escuela Marquez,Carretera Jojutla-Cuernavaca,Edificio B Tec M,Casa Marqueza,Casa Azul,Casa Lunar,Carretera Cuernava-Tres Marias,Residencial Amrillo,Autopista del Sol,Casa 2,X,X,X,X,X,X,X,X,X,X,X,X,X,X,X,X,X,X,X,X,X,X,X,X,X,X,X,X,X,X,X,X,
ALEXIS,AVILA,SOLANO,[Chapultepec #9 Col. Miraflores Cuernavaca Morelos],310503296,17,2,19,49,18,,Pro. Vigentes,EDIFICIO H2 FI,EDIFICIO Z2 FC,X,,Pro. Historicos,Edificio SCT,Construuccion Municipio de Jojutla,Hospital Reforma,Casa Marqueza,Residencial Tamarindos,Casa futurista,Casa 1,Hospital Maria,Casa Azul,Casa futurista,Construuccion Municipio de Jojutla,Casa Marqueza,Casa Colonial,Hospital Maria,Mansi�n Portuar,Edificio try,Residencial Tamarindos,X,X,X,X,X,X,X,X,X,X,X,X,X,X,X,X,X,X,X,X,X,X,X,X,X,X,X,X,X,X,X,X,X,
MAURICIO,RODRIGUEZ,ARTEAGA,[Dinamarca #39 Col. Alemania Cuernavaca Morelos],310833607,12,1,13,67,14,,Pro. Vigentes,EDIFICIO Z FC,X,X,,Pro. Historicos,Puentes Dos Puertas,Residencial Tamarindos,Casa futurista,Casa 2,Puente Dos Bocas,Puente Cisnes,Edificio la Roma,Carretera Jojutla-Cuernavaca,Edificio A Tec M,Edificio de Cultura Tec M,Hospital Maria,Edificio B Tec M,X,X,X,X,X,X,X,X,X,X,X,X,X,X,X,X,X,X,X,X,X,X,X,X,X,X,X,X,X,X,X,X,X,X,X,X,X,X,
DIANA,RUIZ,CUELLAR,[Cerro alto #3 Col. Mayo Cuernavaca Morelos],310240048,36,3,39,72,27,,Pro. Vigentes,EDIFICIO H2 FI,PUENTES ESPERANZA,EDIFICIO Z FI,,Pro. Historicos,Edificio la Roma,Edificio A Tec M,Hospital Cristina,Residencial Tamarindos,Edificio la Roma,Puentes Dos Puertas,Edificio SCT,Casa futurista,Puente Dos Bocas,Casa Azul,Edificio try,Puentes Dos Puertas,Carretera Cuernava-Tres Marias,Hospital Maria,Edificio Galeana,Hospital Maria,Casa 1,Casa Azul,Edicio Benz,Puentes Dos Puertas,Edificio SE,Puente Cisnes,Hospital Reforma,Escuela Marquez,Edificio de Cultura Tec M,Puente Cisnes,Construuccion Municipio de Jojutla,Hospital Cristina,Autopista del Sol,Hospital Reforma,Eificie E Tec M,Casa futurista,Puente Cisnes,Residencial Amrillo,Edificio B Tec M,Casa 2,X,X,X,X,X,X,X,X,X,X,X,X,X,X,
ALEXIS,CUELLAR,ROJAS,[Benz #444 Col. Alemania Cuernavaca Morelos],310010675,18,2,20,18,12,,Pro. Vigentes,EDIFICIO Z FI,EDIFICIO Z FI,X,,Pro. Historicos,Casa Pintoresca,Mansi�n Portuar,Edificio B Tec M,Edificio try,Edificio la Roma,Carretera Cuernava-Tres Marias,Edicio Benz,Puente Rosa,Edificio SE,Puente Rosa,Autopista del Sol,Edificio B Tec M,Puente Rosa,Residencial Tamarindos,Edificio de Cultura Tec M,Edificio de Cultura Tec M,Casa Pintoresca,Casa 2,X,X,X,X,X,X,X,X,X,X,X,X,X,X,X,X,X,X,X,X,X,X,X,X,X,X,X,X,X,X,X,X,
NATALIA,SALINAS,ARTEAGA,[Dinamarca #31 Col. Alemania Cuernavaca Morelos],310975508,15,2,17,69,21,,Pro. Vigentes,CASA REFORMA,CASA REFORMA,X,,Pro. Historicos,Autopista del Sol,Carretera Cuernava-Tres Marias,Casa futurista,Edificio Galeana,Edicio Benz,Re-Asfaltado Cuernava,Re-Asfaltado CDMX,Edificio try,Construuccion Municipio de Jojutla,Edificio try,Casa futurista,Hospital Roma,Edificio try,Edificio SE,Casa futurista,X,X,X,X,X,X,X,X,X,X,X,X,X,X,X,X,X,X,X,X,X,X,X,X,X,X,X,X,X,X,X,X,X,X,X,
TATIANA,SOLANO,RUIZ,[Granados #993 Col. Tamarindos Cuernavaca Morelos],310286588,48,3,51,27,23,,Pro. Vigentes,EDIFICIO Z FI,EDIFICIO Z FI,EDIFICIO H2 FI,,Pro. Historicos,Hospital Cristina,Hospital Roma,Mansi�n Portuar,Construuccion Municipio de Jojutla,Eificie E Tec M,Escuela Marquez,Casa Marqueza,Edificio 40,Residencial Joyas,Carretera Cuernava-Tres Marias,Edificio de Cultura Tec M,Casa futurista,Casa Marqueza,Casa Marqueza,Edificio de Cultura Tec M,Edificio SCT,Edificio B Tec M,Edificio de Cultura Tec M,Autopista del Sol,Casa 1,Casa futurista,Casa Lunar,Re-Asfaltado Cuernava,Puente Rosa,Edificio la Roma,Eificie E Tec M,Construuccion Municipio de Jojutla,Edificio B Tec M,Construuccion Municipio de Jojutla,Carretera Jojutla-Cuernavaca,Edificio A Tec M,Edificio SCT,Edificio 40,Re-Asfaltado CDMX,Hospital Maria,Edificio la Roma,Casa 1,Casa Pintoresca,Edicio Benz,Escuela Marquez,Edicio Benz,Edificio SCT,Edificio B Tec M,Carretera Cuernava-Tres Marias,Hospital Cristina,Residencial Tamarindos,Puente Cisnes,Eificie E Tec M,X,X,
MONICA,AYALA,ROJAS,[Pacheco #1 Col. Tamarindera Cuernavaca Morelos],310351326,34,2,36,78,28,,Pro. Vigentes,EDIFICIO Z2 FC,CASA TRES MARIAS,X,,Pro. Historicos,Puente Cisnes,Escuela Marquez,Edificio Galeana,Edificio 40,Casa 1,Edificio la Roma,Re-Asfaltado CDMX,Edificio 40,Autopista del Sol,Eificie E Tec M,Edificio B Tec M,Eificie E Tec M,Edificio try,Hospital Reforma,Puente Dos Bocas,Edificio la Roma,Residencial Tamarindos,Edificio 40,Edificio try,Re-Asfaltado Cuernava,Casa Lunar,Residencial Amrillo,Edificio Galeana,Edificio de Cultura Tec M,Residencial Joyas,Casa futurista,Casa 2,Casa Pintoresca,Edificio A Tec M,Residencial Tamarindos,Puentes Dos Puertas,Edicio Benz,Construuccion Municipio de Jojutla,Autopista del Sol,X,X,X,X,X,X,X,X,X,X,X,X,X,X,X,X,
OSCAR,AVILA,RUIZ,[Dinamarca #38 Col. Alemania Cuernavaca Morelos],310949448,37,2,39,49,24,,Pro. Vigentes,CASA TRES MARIAS,EDIFICIO Z FC,X,,Pro. Historicos,Re-Asfaltado CDMX,Casa Lunar,Hospital Roma,Casa Colonial,Autopista del Sol,Mansi�n Portuar,Casa Lunar,Residencial Tamarindos,Eificie E Tec M,Autopista del Sol,Escuela Marquez,Puente Dos Bocas,Escuela Marquez,Casa 1,Edificio try,Residencial Joyas,Puente Rosa,Re-Asfaltado CDMX,Hospital Cristina,Casa Marqueza,Residencial Joyas,Re-Asfaltado CDMX,Residencial Amrillo,Hospital Roma,Escuela Marquez,Casa Azul,Edificio 40,Carretera Jojutla-Cuernavaca,Hospital Patria,Casa Lunar,Residencial Tamarindos,Autopista del Sol,Hospital Cristina,Residencial Joyas,Hospital Roma,Casa Marqueza,Hospital Patria,X,X,X,X,X,X,X,X,X,X,X,X,X,
GABRIEL,ARTEAGA,NAVARRO,[Sol #134 Col. Tierra Nueva Cuernavaca Morelos],310661908,5,1,6,18,1,,Pro. Vigentes,EDIFICIO Z FC,X,X,,Pro. Historicos,Residencial Amrillo,Casa Colonial,Autopista del Sol,Edificio SCT,Mansi�n Portuar,X,X,X,X,X,X,X,X,X,X,X,X,X,X,X,X,X,X,X,X,X,X,X,X,X,X,X,X,X,X,X,X,X,X,X,X,X,X,X,X,X,X,X,X,X,
FERNANDO,SALINAS,ARTEAGA,[Canada #72 Col. America Cuernavaca Morelos],310302813,19,3,22,68,11,,Pro. Vigentes,PUENTES ESPERANZA,EDIFICIO Z FC,EDIFICIO Z2 FC,,Pro. Historicos,Edificio 40,Re-Asfaltado Cuernava,Eificie E Tec M,Hospital Cristina,Carretera Cuernava-Tres Marias,Edicio Benz,Carretera Jojutla-Cuernavaca,Edificio try,Edificio SE,Re-Asfaltado Cuernava,Autopista del Sol,Construuccion Municipio de Jojutla,Casa futurista,Residencial Tamarindos,Puentes Dos Puertas,Edificio de Cultura Tec M,Edificio de Cultura Tec M,Mansi�n Portuar,Casa 1,X,X,X,X,X,X,X,X,X,X,X,X,X,X,X,X,X,X,X,X,X,X,X,X,X,X,X,X,X,X,X,
GABRIEL,DAVALOS,JIMENEZ,[Flores #18 Col. Coapinola Cuernavaca Morelos],310785245,14,3,17,51,11,,Pro. Vigentes,CASA REFORMA,EDIFICIO Z FI,EDIFICIO Z2 FC,,Pro. Historicos,Carretera Cuernava-Tres Marias,Hospital Maria,Edificio Galeana,Edificio 40,Eificie E Tec M,Edificio A Tec M,Edificio B Tec M,Residencial Tamarindos,Edificio B Tec M,Residencial Tamarindos,Mansi�n Portuar,Edificio SCT,Edificio A Tec M,Edicio Benz,X,X,X,X,X,X,X,X,X,X,X,X,X,X,X,X,X,X,X,X,X,X,X,X,X,X,X,X,X,X,X,X,X,X,X,X,
TATIANA,ALVAREZ,SANCHEZ,[Ocotepec #78 Col. Ocotera Cuernavaca Morelos],310230534,25,1,26,21,25,,Pro. Vigentes,EDIFICIO Z FC,X,X,,Pro. Historicos,Hospital Cristina,Edificio de Cultura Tec M,Re-Asfaltado CDMX,Casa 2,Edificio SE,Edificio B Tec M,Edificio try,Edificio SCT,Puente Dos Bocas,Puentes Dos Puertas,Construuccion Municipio de Jojutla,Carretera Cuernava-Tres Marias,Casa Marqueza,Puente Cisnes,Casa futurista,Edificio try,Edificio de Cultura Tec M,Edificio B Tec M,Edificio A Tec M,Edificio A Tec M,Edificio A Tec M,Casa futurista,Casa futurista,Residencial Tamarindos,Puente Cisnes,X,X,X,X,X,X,X,X,X,X,X,X,X,X,X,X,X,X,X,X,X,X,X,X,X,
DIANA,GUZMAN,PEREZ,[Pacheco #503 Col. Centro Cuernavaca Morelos],310131063,26,2,28,29,27,,Pro. Vigentes,CASA TRES MARIAS,COL. UNIDOS,X,,Pro. Historicos,Construuccion Municipio de Jojutla,Mansi�n Portuar,Re-Asfaltado Cuernava,Edificio try,Construuccion Municipio de Jojutla,Mansi�n Portuar,Casa Marqueza,Edificio Galeana,Puentes Dos Puertas,Re-Asfaltado CDMX,Edificio try,Puentes Dos Puertas,Edicio Benz,Hospital Reforma,Edificio Galeana,Puente Dos Bocas,Casa Azul,Hospital Cristina,Residencial Joyas,Carretera Cuernava-Tres Marias,Edicio Benz,Autopista del Sol,Re-Asfaltado Cuernava,Eificie E Tec M,Casa futurista,Edificio SE,X,X,X,X,X,X,X,X,X,X,X,X,X,X,X,X,X,X,X,X,X,X,X,X,
MIRIAM,RODRIGUEZ,PEREZ,[Iraldo #372 Col. Centro Cuernavaca Morelos],310369255,6,1,7,41,8,,Pro. Vigentes,EDIFICIO Z FC,X,X,,Pro. Historicos,Edificio 40,Puente Cisnes,Casa 2,Residencial Tamarindos,Carretera Cuernava-Tres Marias,Casa Colonial,X,X,X,X,X,X,X,X,X,X,X,X,X,X,X,X,X,X,X,X,X,X,X,X,X,X,X,X,X,X,X,X,X,X,X,X,X,X,X,X,X,X,X,X,
MONICA,GUZMAN,SANCHEZ,[Hidalgo #28 Col. Centro Cuernavaca Morelos],310266102,21,1,22,26,27,,Pro. Vigentes,EDIFICIO Z FI,X,X,,Pro. Historicos,Edificio SE,Casa Azul,Eificie E Tec M,Residencial Tamarindos,Casa Pintoresca,Edificio SE,Edificio Galeana,Edificio de Cultura Tec M,Mansi�n Portuar,Eificie E Tec M,Hospital Reforma,Re-Asfaltado CDMX,Hospital Maria,Escuela Marquez,Hospital Patria,Escuela Marquez,Carretera Jojutla-Cuernavaca,Edificio Galeana,Hospital Reforma,Residencial Tamarindos,Re-Asfaltado Cuernava,X,X,X,X,X,X,X,X,X,X,X,X,X,X,X,X,X,X,X,X,X,X,X,X,X,X,X,X,X,
ALEXIS,ROJAS,LOPEZ,[Tecomulco #95 Col. Texcaltepec Cuernavaca Morelos],310830233,9,3,12,75,6,,Pro. Vigentes,EDIFICIO Z2 FC,EDIFICIO Z2 FC,EDIFICIO Z FC,,Pro. Historicos,Hospital Roma,Casa Pintoresca,Puente Dos Bocas,Autopista del Sol,Casa Marqueza,Casa futurista,Re-Asfaltado Cuernava,Hospital Roma,Hospital Maria,X,X,X,X,X,X,X,X,X,X,X,X,X,X,X,X,X,X,X,X,X,X,X,X,X,X,X,X,X,X,X,X,X,X,X,X,X,X,X,X,X,
DIANA,DAVALOS,PEREZ,[Prinston #11 Col. Central Cuernavaca Morelos],310464078,17,3,20,46,13,,Pro. Vigentes,EDIFICIO Z FC,COL. UNIDOS,EDIFICIO H2 FI,,Pro. Historicos,Hospital Cristina,Hospital Reforma,Hospital Roma,Edificio B Tec M,Edificio Galeana,Edificio try,Casa futurista,Casa Lunar,Re-Asfaltado Cuernava,Casa Lunar,Puente Rosa,Construuccion Municipio de Jojutla,Carretera Jojutla-Cuernavaca,Edificio 40,Edificio Galeana,Hospital Maria,Construuccion Municipio de Jojutla,X,X,X,X,X,X,X,X,X,X,X,X,X,X,X,X,X,X,X,X,X,X,X,X,X,X,X,X,X,X,X,X,X,
NATALIA,DOLORES,PEREZ,[Chamilpa #14 Col. Cerrito Cuernavaca Morelos],310928362,22,2,24,60,12,,Pro. Vigentes,CASA TRES MARIAS,CASA REFORMA,X,,Pro. Historicos,Casa futurista,Hospital Patria,Eificie E Tec M,Casa 2,Re-Asfaltado CDMX,Edificio A Tec M,Hospital Patria,Residencial Tamarindos,Residencial Joyas,Carretera Cuernava-Tres Marias,Edificio Galeana,Edificio B Tec M,Mansi�n Portuar,Puente Rosa,Casa Colonial,Edificio SCT,Casa 1,Hospital Reforma,Construuccion Municipio de Jojutla,Puente Dos Bocas,Re-Asfaltado Cuernava,Casa Marqueza,X,X,X,X,X,X,X,X,X,X,X,X,X,X,X,X,X,X,X,X,X,X,X,X,X,X,X,X,
ALEXIS,MALDONADO,GUZMAN,[Estela #334 Col. Centro Cuernavaca Morelos],310517903,8,1,9,47,7,,Pro. Vigentes,CASA REFORMA,X,X,,Pro. Historicos,Edificio Galeana,Edificio B Tec M,Puentes Dos Puertas,Edificio 40,Residencial Joyas,Hospital Cristina,Casa Lunar,Re-Asfaltado CDMX,X,X,X,X,X,X,X,X,X,X,X,X,X,X,X,X,X,X,X,X,X,X,X,X,X,X,X,X,X,X,X,X,X,X,X,X,X,X,X,X,X,X,
MIRIAM,GONZALEZ,RODRIGUEZ,[Sol #13 Col. Tierra Nueva Cuernavaca Morelos],310544398,5,3,8,44,4,,Pro. Vigentes,CASA MADRID,COL. UNIDOS,COL. UNIDOS,,Pro. Historicos,Edificio la Roma,Re-Asfaltado CDMX,Residencial Joyas,Puentes Dos Puertas,Puente Cisnes,X,X,X,X,X,X,X,X,X,X,X,X,X,X,X,X,X,X,X,X,X,X,X,X,X,X,X,X,X,X,X,X,X,X,X,X,X,X,X,X,X,X,X,X,X,
MARIA,DAVALOS,SANCHEZ,[Satelite #52 Col. Revolucion Cuernavaca Morelos],310264340,22,3,25,45,16,,Pro. Vigentes,CASA TRES MARIAS,CASA REFORMA,COL. UNIDOS,,Pro. Historicos,Hospital Maria,Puentes Dos Puertas,Casa Marqueza,Edificio SCT,Puente Rosa,Edificio A Tec M,Edificio SE,Casa Azul,Residencial Joyas,Casa Azul,Re-Asfaltado CDMX,Escuela Marquez,Residencial Joyas,Eificie E Tec M,Casa 1,Edificio SE,Hospital Reforma,Puente Cisnes,Edificio SCT,Edificio Galeana,Residencial Tamarindos,Residencial Joyas,X,X,X,X,X,X,X,X,X,X,X,X,X,X,X,X,X,X,X,X,X,X,X,X,X,X,X,X,
MAURICIO,GONZALEZ,DOLORES,[Cerro Sur #99 Col. Abril Cuernavaca Morelos],310715514,24,2,26,71,24,,Pro. Vigentes,EDIFICIO Z FC,EDIFICIO Z2 FC,X,,Pro. Historicos,Hospital Patria,Casa 1,Puente Cisnes,Edificio B Tec M,Mansi�n Portuar,Escuela Marquez,Casa futurista,Edificio Galeana,Casa Pintoresca,Casa Pintoresca,Residencial Tamarindos,Hospital Cristina,Hospital Patria,Carretera Cuernava-Tres Marias,Mansi�n Portuar,Residencial Amrillo,Hospital Patria,Carretera Jojutla-Cuernavaca,Puente Cisnes,Residencial Amrillo,Residencial Joyas,Re-Asfaltado CDMX,Hospital Maria,Edificio 40,X,X,X,X,X,X,X,X,X,X,X,X,X,X,X,X,X,X,X,X,X,X,X,X,X,X,
FERNANDO,RUIZ,AYALA,[Pacheco #11 Col. Tamarindos Cuernavaca Morelos],310794673,13,1,14,52,15,,Pro. Vigentes,EDIFICIO H2 FI,X,X,,Pro. Historicos,Escuela Marquez,Edificio try,Re-Asfaltado CDMX,Hospital Patria,Re-Asfaltado Cuernava,Re-Asfaltado CDMX,Edicio Benz,Puente Cisnes,Puente Dos Bocas,Puente Rosa,Edificio try,Escuela Marquez,Puente Cisnes,X,X,X,X,X,X,X,X,X,X,X,X,X,X,X,X,X,X,X,X,X,X,X,X,X,X,X,X,X,X,X,X,X,X,X,X,X,
DIANA,AVILA,LOPEZ,[Hidalgo #285 Col. Centro Cuernavaca Morelos],310299764,24,3,27,35,22,,Pro. Vigentes,EDIFICIO Z2 FC,CASA TRES MARIAS,EDIFICIO H2 FI,,Pro. Historicos,Casa Colonial,Residencial Joyas,Eificie E Tec M,Casa Azul,Casa Colonial,Construuccion Municipio de Jojutla,Casa Lunar,Edificio Galeana,Mansi�n Portuar,Casa Pintoresca,Residencial Amrillo,Edificio Galeana,Edificio A Tec M,Edificio A Tec M,Carretera Cuernava-Tres Marias,Residencial Amrillo,Carretera Jojutla-Cuernavaca,Re-Asfaltado Cuernava,Puentes Dos Puertas,Edificio la Roma,Hospital Maria,Casa futurista,Residencial Tamarindos,Re-Asfaltado CDMX,X,X,X,X,X,X,X,X,X,X,X,X,X,X,X,X,X,X,X,X,X,X,X,X,X,X,
LAURA,ALVAREZ,RUIZ,[Hidalgo #1 Col. Centro Cuernavaca Morelos],310807194,5,1,6,19,5,,Pro. Vigentes,EDIFICIO Z FI,X,X,,Pro. Historicos,Edificio SE,Edificio B Tec M,Mansi�n Portuar,Edificio 40,Casa futurista,X,X,X,X,X,X,X,X,X,X,X,X,X,X,X,X,X,X,X,X,X,X,X,X,X,X,X,X,X,X,X,X,X,X,X,X,X,X,X,X,X,X,X,X,X,
ANDREA,LOPEZ,SALINAS,[Tecomulco #35 Col. Texcaltepec Cuernavaca Morelos],310106555,6,2,8,63,8,,Pro. Vigentes,CASA TRES MARIAS,EDIFICIO Z2 FC,X,,Pro. Historicos,Residencial Amrillo,Edicio Benz,Casa Colonial,Mansi�n Portuar,Edificio Galeana,Casa futurista,X,X,X,X,X,X,X,X,X,X,X,X,X,X,X,X,X,X,X,X,X,X,X,X,X,X,X,X,X,X,X,X,X,X,X,X,X,X,X,X,X,X,X,X,
MONICA,HERNANDEZ,JIMENEZ,[Zapata #5 Col. Centro Cuernavaca Morelos],310984698,33,2,35,25,29,,Pro. Vigentes,PUENTES ESPERANZA,EDIFICIO Z2 FC,X,,Pro. Historicos,Puente Dos Bocas,Casa Azul,Edificio 40,Casa Azul,Re-Asfaltado CDMX,Autopista del Sol,Construuccion Municipio de Jojutla,Casa Pintoresca,Casa Colonial,Eificie E Tec M,Puente Rosa,Residencial Tamarindos,Carretera Jojutla-Cuernavaca,Edificio A Tec M,Casa 2,Carretera Jojutla-Cuernavaca,Carretera Jojutla-Cuernavaca,Casa Pintoresca,Casa Lunar,Casa 2,Edificio 40,Puente Rosa,Puentes Dos Puertas,Eificie E Tec M,Edificio la Roma,Escuela Marquez,Casa 1,Edificio la Roma,Residencial Tamarindos,Edificio de Cultura Tec M,Casa Colonial,Hospital Cristina,Casa Pintoresca,X,X,X,X,X,X,X,X,X,X,X,X,X,X,X,X,X,
CARLOS,PEREZ,PEREZ,[Cerro Pinabete #222 Col. Insurgente Cuernavaca Morelos],310175387,40,2,42,30,24,,Pro. Vigentes,PUENTES ESPERANZA,CASA TRES MARIAS,X,,Pro. Historicos,Re-Asfaltado CDMX,Edificio de Cultura Tec M,Edificio de Cultura Tec M,Edificio try,Edificio try,Casa 2,Residencial Joyas,Casa Marqueza,Residencial Tamarindos,Puente Dos Bocas,Eificie E Tec M,Casa Lunar,Escuela Marquez,Mansi�n Portuar,Autopista del Sol,Hospital Cristina,Edificio de Cultura Tec M,Mansi�n Portuar,Edificio Galeana,Re-Asfaltado CDMX,Hospital Roma,Autopista del Sol,Escuela Marquez,Puente Cisnes,Edificio de Cultura Tec M,Carretera Cuernava-Tres Marias,Residencial Joyas,Edificio la Roma,Casa 2,Re-Asfaltado CDMX,Casa Pintoresca,Puentes Dos Puertas,Hospital Maria,Casa futurista,Edificio Galeana,Edificio SCT,Edificio SE,Carretera Cuernava-Tres Marias,Hospital Patria,Re-Asfaltado CDMX,X,X,X,X,X,X,X,X,X,X,
GABRIEL,AVILA,HERNANDEZ,[Pacheco #11 Col. Tamarindos Cuernavaca Morelos],310722460,0,3,3,39,0,,Pro. Vigentes,EDIFICIO Z2 FC,PUENTES ESPERANZA,EDIFICIO Z FI,,Pro. Historicos,X,X,X,X,X,X,X,X,X,X,X,X,X,X,X,X,X,X,X,X,X,X,X,X,X,X,X,X,X,X,X,X,X,X,X,X,X,X,X,X,X,X,X,X,X,X,X,X,X,X,
TATIANA,JIMENEZ,AYALA,[Copalito #89 Col. Mirador Cuernavaca Morelos],310929331,21,2,23,21,17,,Pro. Vigentes,CASA MADRID,CASA MADRID,X,,Pro. Historicos,Re-Asfaltado CDMX,Hospital Roma,Re-Asfaltado CDMX,Hospital Roma,Edificio de Cultura Tec M,Puente Dos Bocas,Edificio B Tec M,Casa Lunar,Edificio B Tec M,Puente Cisnes,Edicio Benz,Puente Cisnes,Residencial Joyas,Edificio try,Hospital Patria,Autopista del Sol,Edificio try,Hospital Cristina,Casa Pintoresca,Edificio B Tec M,Edificio la Roma,X,X,X,X,X,X,X,X,X,X,X,X,X,X,X,X,X,X,X,X,X,X,X,X,X,X,X,X,X,
ALEXIS,NAVARRO,LOPEZ,[Morelos #6 Col. Argentina Cuernava Morelos],310004371,33,2,35,25,26,,Pro. Vigentes,EDIFICIO Z FC,EDIFICIO Z FI,X,,Pro. Historicos,Hospital Cristina,Puente Rosa,Casa Pintoresca,Re-Asfaltado Cuernava,Residencial Amrillo,Casa Marqueza,Hospital Reforma,Hospital Roma,Residencial Joyas,Mansi�n Portuar,Edificio de Cultura Tec M,Casa Marqueza,Casa Marqueza,Puentes Dos Puertas,Casa Colonial,Casa Pintoresca,Casa futurista,Hospital Cristina,Construuccion Municipio de Jojutla,Casa Azul,Residencial Joyas,Edificio try,Casa futurista,Edificio B Tec M,Puente Rosa,Edificio SCT,Edificio A Tec M,Edificio la Roma,Eificie E Tec M,Re-Asfaltado CDMX,Edificio Galeana,Carretera Jojutla-Cuernavaca,Residencial Joyas,X,X,X,X,X,X,X,X,X,X,X,X,X,X,X,X,X,
FERNANDO,HERNANDEZ,SALINAS,[Cerro Pinabete #727 Col. Insurgentes Cuernavaca Morelos],310642492,26,3,29,52,17,,Pro. Vigentes,CASA REFORMA,EDIFICIO Z FI,COL. UNIDOS,,Pro. Historicos,Edificio SE,Edificio de Cultura Tec M,Hospital Maria,Construuccion Municipio de Jojutla,Edificio la Roma,Hospital Patria,Edificio de Cultura Tec M,Edificio try,Edificio try,Casa Pintoresca,Re-Asfaltado Cuernava,Hospital Reforma,Casa 1,Edificio B Tec M,Autopista del Sol,Hospital Reforma,Escuela Marquez,Edificio Galeana,Hospital Reforma,Carretera Jojutla-Cuernavaca,Edificio 40,Hospital Cristina,Carretera Jojutla-Cuernavaca,Edificio SE,Edificio Galeana,Construuccion Municipio de Jojutla,X,X,X,X,X,X,X,X,X,X,X,X,X,X,X,X,X,X,X,X,X,X,X,X,
ANDREA,ROJAS,AVILA,[Granados #1 Col. Tamrindera Cuernavaca Morelos],310976304,39,1,40,34,23,,Pro. Vigentes,EDIFICIO Z FI,X,X,,Pro. Historicos,Hospital Maria,Re-Asfaltado Cuernava,Edificio B Tec M,Edificio SE,Re-Asfaltado Cuernava,Hospital Reforma,Edificio A Tec M,Edificio SCT,Mansi�n Portuar,Re-Asfaltado Cuernava,Residencial Tamarindos,Casa Azul,Edificio SCT,Re-Asfaltado CDMX,Puentes Dos Puertas,Construuccion Municipio de Jojutla,Edificio B Tec M,Casa 2,Casa 2,Carretera Cuernava-Tres Marias,Puente Rosa,Edificio B Tec M,Casa 2,Casa 2,Casa Azul,Edificio SE,Hospital Roma,Hospital Reforma,Residencial Tamarindos,Hospital Cristina,Casa futurista,Casa 2,Casa Marqueza,Hospital Maria,Hospital Reforma,Edificio B Tec M,Hospital Roma,Hospital Reforma,Carretera Jojutla-Cuernavaca,X,X,X,X,X,X,X,X,X,X,X,
TATIANA,NAVARRO,SOLANO,[Federacion #70 Col. Cuautemoc Cuernavaca Morelos],310470051,28,3,31,68,13,,Pro. Vigentes,CASA TRES MARIAS,PUENTES ESPERANZA,PUENTES ESPERANZA,,Pro. Historicos,Edificio de Cultura Tec M,Hospital Roma,Hospital Reforma,Casa Pintoresca,Hospital Reforma,Casa Marqueza,Casa Marqueza,Puentes Dos Puertas,Residencial Tamarindos,Residencial Amrillo,Puente Cisnes,Casa 1,Puente Cisnes,Hospital Patria,Edificio de Cultura Tec M,Casa 1,Casa Lunar,Casa Pintoresca,Casa futurista,Hospital Roma,Edificio B Tec M,Mansi�n Portuar,Residencial Joyas,Hospital Patria,Residencial Amrillo,Casa 2,Construuccion Municipio de Jojutla,Residencial Tamarindos,X,X,X,X,X,X,X,X,X,X,X,X,X,X,X,X,X,X,X,X,X,X,
ALEXIS,RODRIGUEZ,NAVARRO,[Compas #11 Col. Alemania Cuernavaca Morelos],310973611,25,3,28,25,18,,Pro. Vigentes,EDIFICIO Z FC,EDIFICIO H2 FI,EDIFICIO H2 FI,,Pro. Historicos,Casa 1,Residencial Joyas,Casa Colonial,Edificio de Cultura Tec M,Hospital Reforma,Edificio la Roma,Edificio B Tec M,Casa Colonial,Carretera Cuernava-Tres Marias,Residencial Tamarindos,Edificio try,Residencial Tamarindos,Edificio SCT,Edificio A Tec M,Residencial Amrillo,Carretera Jojutla-Cuernavaca,Puentes Dos Puertas,Re-Asfaltado CDMX,Hospital Cristina,Edificio SE,Edificio B Tec M,Edificio B Tec M,Re-Asfaltado Cuernava,Construuccion Municipio de Jojutla,Edificio la Roma,X,X,X,X,X,X,X,X,X,X,X,X,X,X,X,X,X,X,X,X,X,X,X,X,X,
